id,name,kana,area,category,lat,lng,zoom,url,image,description,電話番号,住所,アクセス,営業時間,定休日,料金,決済方法,駐車場,駐車場：大型バスの駐車,ウェブサイト,駐車場：台数,関連資料,駐車場：備考,備考,オンライン予約,メールアドレス
1193,福井県立恐竜博物館,ふくいけんきょうりゅうはくぶつかん,"永平寺・奥越,勝山市","恐竜,歴史・文化・史跡,博物館・美術館・資料館",36.08245364433453,136.5065860748291,16,https://www.fuku-e.com/spot/detail_1193.html,https://www.fuku-e.com/lsc/upfile/spot/0000/1193/1193_10_l.jpg,画像提供：＜福井県立恐竜博物館提供＞恐竜化石の宝庫として全国的にその名が知られている福井県勝山市にある、世界有数の規模の博物館です。広大な無柱空間には、所狭しと恐竜骨格や化石・標本、ジオラマ、復元模型などが展示されており、大迫力の恐竜を間…,福井県立恐竜博物館 0779-88-0001,福井県勝山市村岡町寺尾51-11,えちぜん鉄道勝山駅からコミュニティバスにて約15分またはタクシーにて約10分/中部縦貫自動車道勝山ICから車で約10分,"9～17時(入館は16時30分まで)
※GWおよび夏休み期間は8時30分～18時(入館は17時30分まで)",第2、第4水曜日(祝日の時は翌日が休館、夏休み期間は無休)および年末年始(12月31日、1月1日) ただし、展示替えや施設点検のための臨時休館日有(詳細はＨＰまたは電話にてご確認ください),"一般　１，０００円
一般（団体）８００円
一般（年間パスポート）３，０００円

高校生・大学生　８００円
高校生・大学生（団体）６４０円
高校生・大学生（年間パスポート）２，４００円

小学生・中学生　５００円
小学生・中学生（団体）４００円
小学生・中学生（年間パスポート）１，５００円

７０歳以上　５００円
７０歳以上（団体）４００円
７０歳以上（年間パスポート）１，５００円
※小学校就学前の始期に達するまでの者については無料
※常設展３０人以上の場合に団体料金を適用
※化石研究展示は定員数が少ないため団体料金の設定なし",,あり,,"http://www.dinosaur.pref.fukui.jp/,https://www.fuku-e.com/feature/kyouryu,https://happybus.jp/course/?word=%E3%81%AF%E3%81%B4%E3%83%90%E3%82%B9%E5%AE%9A%E6%9C%9F",1500,,,,https://www.dinosaur.pref.fukui.jp/guide/ticket.html,
1319,芝政ワールド,しばまさわーるど,"あわら・坂井・福井市,坂井市","恐竜,動植物園・水族館・テーマパーク",36.2497321,136.1707262,16,https://www.fuku-e.com/spot/detail_1319.html,https://www.fuku-e.com/lsc/upfile/spot/0000/1319/1319_1_l.jpg,日本海を見下ろす56万㎡の大規模レジャーランド「芝政ワールド」。2024年に誕生した体験型恐竜エリア「恐竜の森」では、ディノエネルギー集めや化石タッチ、巨大模型探索などが楽しめます。全天候対応の３階建て屋内遊園地「キッズパラダイス」は、迷路やお…,0776-81-2110（芝政ワールド）,福井県坂井市三国町浜地45-1,"北陸自動車道：金津ICから約２０分
北陸新幹線：芦原温泉駅から車で約２０分","１０:００～１７：００
※季節によって異なります","３～１１月は無休
１２月～２月は平日休","【おとな：中学生以上】
【こども：3歳から小学生まで】
【シニア：65歳以上】
※3歳未満は無料（0、1、2歳のお子様）
入場料（プール・アトラクション料金別途必要）
おとな：１，５００円
こども・シニア：１，０００円

2025年7月19日～8月31日はパスポートのみの販売となります
※パスポートとは、スーパーパスポート・2デイパスポート・スターライトパスの総称です。
●スーパーパスポート（入場料込みでプール・アトラクションが何度でも遊べます）
おとな：4,300円
こども・シニア：3,100円
●2デイパスポート（連続した2日間に限り、スーパーパスポートを安価でご利用できます）
おとな：6,900円
障害者手帳または療育手帳をお持ちの方 おとな：3,200円
こども・シニア：4,700円
障害者手帳または療育手帳をお持ちの方 こども・シニア：2,300円
●スターライトパス（17:00以降の入場となります）
おとな：2,900円
障害者手帳または療育手帳をお持ちの方 おとな：3,200円
こども・シニア：2,100円
障害者手帳または療育手帳をお持ちの方 こども・シニア：1,700円",,あり,２００台,"http://www.shibamasa.com/,https://www.fuku-e.com/fukutabi/detail_107.html,https://www.fuku-e.com/fukutabi/detail_440.html","５,０００台",,,,http://www.shibamasa.com/price.php,mailto:info@shibamasa.com
1594,かつやまディノパーク,かつやまでぃのぱーく,"永平寺・奥越,勝山市",恐竜,36.08459163981743,136.50492377536318,17,https://www.fuku-e.com/spot/detail_1594.html,https://www.fuku-e.com/lsc/upfile/spot/0000/1594/1594_2_l.jpg,かつやま恐竜の森内に登場したウォークスルー型のアミューズメント施設「かつやまディノパーク」。総面積は1.7ヘクタール、全長約600ｍのウォークスルーで味わえる冒険アトラクションになっていて、実物大で動き、鳴き声を上げる恐竜ロボット合計87頭が訪れ…,かつやまディノパーク　0779-88-8777,福井県勝山市村岡町寺尾51-11,"・JR福井駅下車→えちぜん鉄道 勝山永平寺線「勝山行き」乗車(約1時間)→勝山駅下車→コミュニティバスにて約15分、またはタクシーにて約10分
・JR福井駅にてJR越美北線「越前大野」または「九頭竜湖」行きに乗りかえ→越前大野駅下車→タクシーにて約20分
・北陸自動車道 福井北JCT・IC→中部縦貫自動車道 勝山IC→一般道路 … 約15分
・東海北陸自動車道 白鳥ICから中部縦貫自動車道→国道158号→国道157号経由 … 約90分","9:00〜17:00(最終入場16:30)
※季節や天候により営業時間が変更になる場合がございます。",第2・第4 水曜日 ※夏休み期間は無休　冬期間(11月下旬から3月末まで),"●恐竜の棲む森＋恐竜迷路（平日）
〈個人 大人〉1000円（中学生以上）
〈個人 小人〉800円　(3歳から小学生まで)
〈団体 大人〉900円 （中学生以上）※30名以上
〈団体 小人〉700円　(3歳から小学生まで) ※30名以上

●恐竜の棲む森＋恐竜迷路（土日祝繁忙期）
〈個人 大人〉1200円（中学生以上）
〈個人 小人〉1000円　(3歳から小学生まで)
〈団体 大人〉1100円 （中学生以上）※30名以上
〈団体 小人〉900円　(3歳から小学生まで) ※30名以上
※2歳以下無料
恐竜の棲む森+恐竜迷路+巨大昆虫冒険ツアー（セット券）
〈個人 大人〉1600円（中学生以上）
〈個人 小人〉1400円　(3歳から小学生まで)
〈団体 大人〉1500円 （中学生以上）※30名以上
〈団体 小人〉1300円　(3歳から小学生まで) ※30名以上
★セット券を購入すると、平日なら『200円』土日祝なら『400円』オトクに！

巨大昆虫冒険ツアー〈個人〉800円（3歳以上から一律）
※2歳以下無料（ただし保護者の方の同伴が必要になります）

ガオガオひろば
各アトラクションによって料金が異なります。
チケットは現地で当日お求めください。",現金,あり,可,http://www.dinopark.jp/index.html,960台,,,"【営業日】
4月上旬～11月下旬(ただし雪の状況による)",,
1621,大野市化石発掘体験センター「ＨＯＲＯＳＳＡ！」,おおのしかせきはっくつたいけんせんたーほろっさ,"永平寺・奥越,大野市",歴史・文化・史跡,35.8987654,136.6536383,14,https://www.fuku-e.com/spot/detail_1621.html,https://www.fuku-e.com/lsc/upfile/spot/0000/1621/1621_1_l.jpg,「恐竜王国ふくい」には世界３大恐竜博物館の１つ「福井県立恐竜博物館」など様々な恐竜スポットがあります。大野市和泉地区ではアンモナイト・貝や恐竜の歯、植物など…海陸両方、多種類の化石が発見され日本でも有数の「化石の宝庫」ですなんと…,0779-78-2070,福井県大野市角野14-3 九頭竜国民休養地,"JR九頭竜湖駅から徒歩10分/中部縦貫自動車道九頭竜ICから車で約10分/
東海北陸道白鳥JCTから車で25分(中部縦貫道油坂峠道路経由)","体験時間(事前予約制、定員に満たない場合は当日申し込み可)
　　午前の部　①　9:30～10:30　　　②11:00～12:00
　　午後の部　③13:30～14:30　　　④15:00～16:00","毎週月曜日（祝日を除く）、祝日の翌日、年末年始
※夏休み期間中は、毎日開館","中学生以下700円、高校生1,100円、一般1,350円、
同伴人(軍手・ゴーグルのみ貸出し)450円
※10名以上の団体は、中学生以下550円、高校生850円、一般1100円",,,,https://horossa.jp/,,,,"体験対象は4歳以上、小学生3年生以下は保護者同伴が必須、
体験に必要なハンマー・ゴーグル・軍手はセンターで用意",,mailto:horossa@mars.vipa.ne.jp
1648,道の駅　恐竜渓谷かつやま,みちのえききょうりゅうけいこくかつやま,"永平寺・奥越,勝山市","恐竜,道の駅・観光案内所等,道の駅,観光案内所,お土産店・商業施設",36.072004,136.478772,17,https://www.fuku-e.com/spot/detail_1648.html,https://www.fuku-e.com/lsc/upfile/spot/0000/1648/1648_1_l.jpg,中部縦貫自動車勝山ICから約5分！福井県立恐竜博物館への道中に位置し、休憩やお食事などにご利用頂けます、勝山の新鮮や農産物や加工品、ここでしか買えないオリジナル商品や福井のお土産など約4000種類を取りそろえています。勝山にお越しの際にはぜひお立…,"道の駅　恐竜渓谷かつやま
TEL  0779-89-2234　FAX 0779-89-2235
",福井県勝山市荒土町松ヶ崎1-17,中部縦貫自動車道勝山IC下車後、市内方面へ車で約1分,"ショップ/9:00～17:00(時期によって変動あり)
レストラン/11:00～15:00(時期によって変動あり)",第２・第３火曜日,,,あり,11,"http://katsuyama-navi.jp/michieki/,https://www.fuku-e.com/fukutabi/detail_65.html",88,,,,,
1669,福井駅西口広場（恐竜広場）,ふくいえきにしぐちひろば　きょうりゅうひろば,"あわら・坂井・福井市,福井市",恐竜,36.062444,136.223267,18,https://www.fuku-e.com/spot/detail_1669.html,https://www.fuku-e.com/lsc/upfile/spot/0000/1669/1669_8_l.jpg,JR福井駅の西口側の「恐竜広場」では、壁面から飛び出してくるように見える横約7.3m×縦約4.6m恐竜トリックアート、壁面にある横約45m×縦約10mの巨大な恐竜イラスト、福井で生息していたフクイラプトル、フクイサウルス、フクイティタン…,0776-20-5454（福井市都市整備課）,福井県福井市中央1丁目,JR福井駅、えちぜん鉄道 福井駅、福井鉄道 福井駅から徒歩すぐ,,,,,,,"https://www.pref.fukui.lg.jp/doc/brandeigyou/plaza.html,https://fuku-iro.jp/blog/detail_174.html,https://fuku-iro.jp/blog/detail_174.html",,,,,,
2018,どきどき恐竜発掘ランド,どきどききょうりゅうはっくつらんど,"永平寺・奥越,勝山市",恐竜,36.083073,136.509382,16,https://www.fuku-e.com/spot/detail_2018.html,https://www.fuku-e.com/lsc/upfile/spot/0000/2018/2018_4_l.jpg,勝山は日本を代表する恐竜化石発掘のまち。発掘現場から運ばれた岩で道具を使って発掘体験！貝や植物の化石はもちろん、運がよければ、まさしく恐竜の化石を探し当てることができます。どんな化石が出てくるかな。ワクワクドキドキ。毎日行っていますので親…,0779-88-8777（公園管理事務所）,福井県勝山市村岡町寺尾51-11,"・JR福井駅下車→えちぜん鉄道 勝山永平寺線「勝山行き」乗車(約1時間)→勝山駅下車→コミュニティバスにて約15分、またはタクシーにて約10分
・JR福井駅にてJR越美北線「越前大野」または「九頭竜湖」行きに乗りかえ→越前大野駅下車→タクシーにて約20分
・北陸自動車道 福井北JCT・IC→中部縦貫自動車道 勝山IC→一般道路 … 約15分
・東海北陸自動車道 白鳥ICから中部縦貫自動車道→国道158号→国道157号経由 … 約90分","3月下旬~11月中旬

★開催時間
1回目 9:30~
2回目 11:00~
3回目 13:30~
4回目 15:00~
(季節によって1日に行われる発掘体験の回数が変わります)
*予約制（当日空きがあれば参加可能）
詳しくはホームページでご確認ください",恐竜博物館休館日(第2，4水曜日)、体験会場整備日,入場料：かつやま恐竜の森公園へは無料 / 体験料金：4歳～中学生　600円(480円)、高校生 950円(760円)、大人　1150円(920円) ※(　)内は10名以上の団体料金,現金　クレジットカード　電子マネー,あり,,http://www.kyoryunomori.net/,990台(公園駐車場）,,,,,
2086,野外恐竜博物館　,やがいきょうりゅうはくぶつかん,"永平寺・奥越,勝山市","公共交通機関で行ける,ガイドあり",36.0824388,136.5068117,16,https://www.fuku-e.com/spot/detail_2086.html,https://www.fuku-e.com/lsc/upfile/spot/0000/2086/2086_2_l.jpg,野外恐竜博物館は、日本最大の恐竜化石発掘現場である勝山市北谷町に2014年7月にオープンしました。野外恐竜博物館は、「観察広場」「展示場」「化石発掘体験広場」の3つのゾーンにわかれています。観察広場では、恐竜化石を発掘している現場を間近に見学で…,0779-88-0001（福井県立恐竜博物館）,福井県勝山市村岡町寺尾51-11,すべて恐竜博物館前から専用バスによるツアー形式で行います。,"4月下旬から11月上旬 

※天候やその他の影響によりツアーが中止になる場合がありますので､あらかじめご了承ください｡",休館日は、恐竜博物館本館に準じます。 ※4月、5月、6月、9月、10月の第2・4水曜日および7月の第2水曜日,"個人:大人/1,300円　高校・大学生/1,100円　小・中学生/650円　70歳以上/650円
団体:大人/1,040円　高校・大学生/880円　 小・中学生/520円　70歳以上/520円
※未就学児は無料です。",,,,http://www.dinosaur.pref.fukui.jp/visit/fieldstation,,,,"■お持ちいただきたいもの
・軍手または手袋
・マスク
・飲み物(現地では自動販売機や冷水機等はありません)
・雨具(雨天でも実施することがあります)
・虫よけスプレー等(特に夏場、必要に応じて)
■服装について
・汚れてもよい、動きやすい服装(長袖、長ズボンが望ましい)
・上着(春や秋の場合の寒さ対策として)
■靴について
・運動靴(動きやすさや、ケガ防止のため)
◎発掘体験で使用するハンマー、タガネ、ゴーグルは野外恐竜博物館で準備します。",,
2095,米五　みそ楽,こめご　みそらく,"あわら・坂井・福井市,福井市",お土産店・商業施設,36.0703837,136.2160636,17,https://www.fuku-e.com/spot/detail_2095.html,https://www.fuku-e.com/lsc/upfile/spot/0000/2095/2095_9_l.jpg,創業天保2年(1831年)、大本山永平寺御用達のみそ屋“米五のみそ”が運営する、みそを楽しむテーマパーク。 お湯をそそげばおみそ汁が完成する、自分だけの“みそだま”を手づくりしてみましょう。みそと具材を…,0776-24-0081,福井県福井市春山2-25-1,"福井鉄道福武線　仁愛女子高校前駅から徒歩4分
えちぜん鉄道三国芦原線　田原町駅から徒歩7分
コミュニティバスすまいる北ルート田原・文京方面「ハッピー・治療室」バス停から徒歩1分
JR福井駅から徒歩25分
北陸自動車道福井IC／福井北ICから車で約15分",10:00～18:00,水曜日　お盆　年末年始,"入場料：無料
恐竜発掘☆みそだまづくり体験：1,500円／名
映えるおみそ汁☆みそだまづくり体験：1,500円／名
永平寺の味を受け継ぐみそ蔵工場見学：無料",,あり,,"https://www.misoraku.com,https://bimeguri.jp/spot/3158/,https://www.fuku-e.com/fukutabi/detail_90.html",,,,,"https://www.jalan.net/kankou/spt_guide000000198342/,https://komegomisoraku.rezio.shop/ja-JP,https://misoya.com/",
4474,ぐらばあ亭,ぐらばあてい,"あわら・坂井・福井市,あわら市",温泉,36.218571,136.19267,16,https://www.fuku-e.com/spot/detail_4474.html,https://www.fuku-e.com/lsc/upfile/spot/0000/4474/4474_3_l.jpg,和と洋がとけあう異国情緒溢れる館内。お肌がつるつるになると好評の美人の湯が自慢の宿です。豊かな自然に包まれた露天風呂「天神の湯」は、癒しと私服のときをお約束いたします。その他、手湯・足湯もございます。恐竜の森もオープン！キッズルーム併設で …,0120-126-150,福井県あわら市田中々8-1,お車/金津I.C.から15分。無料駐車場完備電車/芦原温泉駅から10分。無料送迎バスあり,,,"平日18,000円(税別)～
土日についてはお問い合わせください。",,あり,,http://awaraonsengurabatei.jp/,100,,,,"https://local.staynavi.direct/fukui/search/detail/136879?checkin_date=2024-08-25&adult_number=2&stay_days=1&room_number=1&budget_min=&budget_max=&company=STN,RKT,BRV,YNV,KNT,YUK,MWT,RRB&room_type=&meal_type=&plan_attribute=",
4569,泰澄の杜,たいちょうのもり,"丹南,越前町",温泉,35.9975127,136.0935598,16,https://www.fuku-e.com/spot/detail_4569.html,https://www.fuku-e.com/lsc/upfile/spot/0000/4569/4569_1_l.jpg,自然とのふれあいの里「泰澄の杜」は、素晴らしい自然に囲まれた温泉宿泊施設です。春夏秋冬四季折々の自然とふれあえる環境のなかで、泰澄の杜の自慢の温泉に入って日頃の疲れを癒して下さい。テラス付客室、テラス付き恐竜ルーム(1室限定)を新設しました。…,0778-34-2322,福井県越前町小倉88-55-1,JR福井駅から京福バス織田行泰澄の杜下車,"≪日帰り温泉≫
8:00～22:00（最終受付21:00）",毎週火曜日（祝日の場合は営業）,"≪日帰り温泉≫
大人 520円
小学生 310円
毎週金曜レディースデ― （女性）310円","クレジットカード可
スマホ決済可",あり,,http://taichou-no-mori.jp/,,,,"・BBQ場あり
・ぶどう狩りあり","https://www3.yadosys.com/reserve/ja/plan/list/147/difcghdadjdcengldfhjffdn/all,https://travel.rakuten.co.jp/HOTEL/153245/153245.html,https://www.jalan.net/yad329879/plan/?screenId=UWW3001&yadNo=329879&minPrice=0&maxPrice=999999&rootCd=7701&stayMonth=&dateUndecided=1&stayYear=&stayDay=&callbackHistFlg=1&smlCd=200402&distCd=01&ccnt=yads2",mailto:front@taichou-no-mori.jp
4817,三六温泉　神明苑,さんろくおんせん　しんめいえん,"丹南,鯖江市",温泉,35.9723214,136.1831091,14,https://www.fuku-e.com/spot/detail_4817.html,https://www.fuku-e.com/common/images/ogImg.png,福井県観光の公式サイト。恐竜や福井ゆかりの幕末偉人から温泉・宿泊情報、おろしそば、ソースカツ丼、越前ガニなどのグルメ情報も掲載。桜、海水浴、花火、紅葉、スキー・スノボなど季節・イベント情報も満載！福井の旅に役立つ情報をたっぷりお届けします！,0778-52-5165,福井県鯖江市神明町2-8-4,福井鉄道神明駅より徒歩約2分/北陸自動車道鯖江ICより車で約8分,,年中無休,,,あり,,https://shinmeien.net/,75,,,,"https://local.staynavi.direct/fukui/search/detail/158161?checkin_date=2024-09-06&adult_number=2&stay_days=1&room_number=1&budget_min=&budget_max=&company=STN,RKT,BRV,YNV,KNT,YUK,MWT,RRB&room_type=&meal_type=&plan_attribute=",
4849,レンタサイクル-勝山市-えちぜん鉄道勝山駅,れんたさいくる-かつやまし-えちぜんてつどうかつやまえき,"永平寺・奥越,勝山市",レンタサイクル,36.05627342015287,136.4921531192943,16,https://www.fuku-e.com/spot/detail_4849.html,https://www.fuku-e.com/common/images/ogImg.png,福井県観光の公式サイト。恐竜や福井ゆかりの幕末偉人から温泉・宿泊情報、おろしそば、ソースカツ丼、越前ガニなどのグルメ情報も掲載。桜、海水浴、花火、紅葉、スキー・スノボなど季節・イベント情報も満載！福井の旅に役立つ情報をたっぷりお届けします！,0120-840-508（えちぜん鉄道）,福井県勝山市遅羽町比島,,5:40～24:00,,"普通　1回100円
電動アシスト　1回500円
(えちぜん鉄道利用者に限る)",,,,,,,,"普通7台
電動アシスト5台",,
4922,福井市木ごころ文化ホール,ふくいしきごころぶんかほーる,"あわら・坂井・福井市,福井市","公共交通機関で行ける,駅から徒歩10分以内,雨でもOK(屋根つき)",36.0000079,136.3592439,14,https://www.fuku-e.com/spot/detail_4922.html,https://www.fuku-e.com/lsc/upfile/spot/0000/4922/4922_1_l.jpg,福井県観光の公式サイト。恐竜や福井ゆかりの幕末偉人から温泉・宿泊情報、おろしそば、ソースカツ丼、越前ガニなどのグルメ情報も掲載。桜、海水浴、花火、紅葉、スキー・スノボなど季節・イベント情報も満載！福井の旅に役立つ情報をたっぷりお届けします！,（0776）-20-5361,福井県福井市大手3丁目10-1,,9：00～22：00,12月29日～1月3日,,,あり,,http://www.city.fukui.lg.jp/kyoiku/gakusyu/kominkan/kigokorobunkahall.html,140台（無料）,,,,,
4924,福井市きらら館,ふくいしきららかん,"あわら・坂井・福井市,福井市","公共交通機関で行ける,駅から徒歩10分以内,雨でもOK(屋根つき)",36.0264774,136.1448655,17,https://www.fuku-e.com/spot/detail_4924.html,https://www.fuku-e.com/lsc/upfile/spot/0000/4924/4924_1_l.jpg,福井県観光の公式サイト。恐竜や福井ゆかりの幕末偉人から温泉・宿泊情報、おろしそば、ソースカツ丼、越前ガニなどのグルメ情報も掲載。桜、海水浴、花火、紅葉、スキー・スノボなど季節・イベント情報も満載！福井の旅に役立つ情報をたっぷりお届けします！, (0776)98‐3700,福井県福井市風巻町20-17,,9：00～22：00,"月曜、第3日曜、休日、12月29日～1月3日
",,,あり,,,50台（無料）,,,,,
4962,越前市アイシンスポーツアリーナ（越前市武生中央公園総合体育館）,えちぜんしあいしんすぽーつありーな,"丹南,越前市",,35.8999804,136.1555917,15,https://www.fuku-e.com/spot/detail_4962.html,https://www.fuku-e.com/lsc/upfile/spot/0000/4962/4962_1_l.jpg,福井県観光の公式サイト。恐竜や福井ゆかりの幕末偉人から温泉・宿泊情報、おろしそば、ソースカツ丼、越前ガニなどのグルメ情報も掲載。桜、海水浴、花火、紅葉、スキー・スノボなど季節・イベント情報も満載！福井の旅に役立つ情報をたっぷりお届けします！,０７７８－２２－６３９５,福井県越前市高瀬２丁目８－２３,"ハピライン武生駅より徒歩２０～３０分、車で７分
",９：００～２２：００,"毎週月曜日(国民の祝日除く）
国民の祝日の翌日
１２月２９日～１月３日",,,あり,,https://www.city.echizen.lg.jp/office/090/040/sisetu/takefutyuokoensogotaiikukan.html,８００台,,無料,,,
5006,鯖江商工会議所,さばえしょうこうかいぎしょ,"丹南,鯖江市","公共交通機関で行ける,駅から徒歩10分以内",35.94701,136.1834924,15,https://www.fuku-e.com/spot/detail_5006.html,https://www.fuku-e.com/lsc/upfile/spot/0000/5006/5006_1_l.jpg,福井県観光の公式サイト。恐竜や福井ゆかりの幕末偉人から温泉・宿泊情報、おろしそば、ソースカツ丼、越前ガニなどのグルメ情報も掲載。桜、海水浴、花火、紅葉、スキー・スノボなど季節・イベント情報も満載！福井の旅に役立つ情報をたっぷりお届けします！,０７７８－５１－２８００,福井県鯖江市本町３丁目２－１２,"福井鉄道西鯖江駅より徒歩２分
ハピライン鯖江駅より徒歩８分
鯖江Ｉ．Ｃから車で約５分
武生Ｉ．Ｃから車で約１０分","９：００～１９：３０
SCC　１１：００～２０：００（２２時まで延長可）",年末年始,,,あり,,http://www.sabaecci.or.jp,４０台,,無料,,,
5009,南越前文化会館,みなみえちぜんぶんかかいかん,"丹南,南越前町","公共交通機関で行ける,駅から徒歩10分以内",35.8329493,136.2000463,14,https://www.fuku-e.com/spot/detail_5009.html,https://www.fuku-e.com/lsc/upfile/spot/0000/5009/5009_1_l.jpg,福井県観光の公式サイト。恐竜や福井ゆかりの幕末偉人から温泉・宿泊情報、おろしそば、ソースカツ丼、越前ガニなどのグルメ情報も掲載。桜、海水浴、花火、紅葉、スキー・スノボなど季節・イベント情報も満載！福井の旅に役立つ情報をたっぷりお届けします！,０７７８－４７－３８１０,福井県南越前町牧谷２９－１５－１,"・南条SAよりスマートIC利用可能
　上り線より２００ｍ、下り線より５００ｍ
・ハピラインふくい南条駅より６００ｍ",９：００～１８：００,"毎週月曜、毎月第３日曜
１２月２７日～１月４日",,,あり,,https://www.town.minamiechizen.lg.jp/,２００台,,無料,,,
5011,鯖江市総合体育館,さばえしそうごうたいいくかん,"丹南,鯖江市",駅から徒歩10分以内,35.9440734,136.1976942,15,https://www.fuku-e.com/spot/detail_5011.html,https://www.fuku-e.com/lsc/upfile/spot/0000/5011/5011_1_l.jpg,福井県観光の公式サイト。恐竜や福井ゆかりの幕末偉人から温泉・宿泊情報、おろしそば、ソースカツ丼、越前ガニなどのグルメ情報も掲載。桜、海水浴、花火、紅葉、スキー・スノボなど季節・イベント情報も満載！福井の旅に役立つ情報をたっぷりお届けします！,０７７８－５１－３１７６,福井県鯖江市東鯖江３丁目６－１０,"ハピライン鯖江駅より徒歩１０分
ハピライン鯖江駅よりコミュニティーバス幹線「体育館西」下車　　　
鯖江ICより車で５分
","８：３０～２２：００
日曜・祝日は１７：００まで","毎週月曜（月曜が祝日の場合は翌平日）
年末年始
",,,あり,,http://sc-taikyo.or.jp,３００台,,４時間以内無料,,,
5128,ホワイトザウルス,ほわいとざうるす,"永平寺・奥越,勝山市",恐竜,36.07701257521798,136.50091588497162,15,https://www.fuku-e.com/spot/detail_5128.html,https://www.fuku-e.com/lsc/upfile/spot/0000/5128/5128_1_l.jpg,福井県立恐竜博物館への道中に存在する真っ白な恐竜のオブジェ。フォトジェニックなスポットとして人気。,,福井県勝山市村岡町五本寺,,,,,,あり,,,約10台,,,,,
5253,べり果,べりか,"永平寺・奥越,勝山市",動植物園・水族館・テーマパーク,36.07123292374298,136.47982835769653,17,https://www.fuku-e.com/spot/detail_5253.html,https://www.fuku-e.com/lsc/upfile/spot/0000/5253/5253_1_l.jpg,土づくりから生まれる、濃い深い甘い苺。品種は甘みが強く酸味が穏やかな「かおり野」果実が大きく香りが良いのが特徴です。他の品種に比べて収穫が始まるのが早いので長い期間、いちご狩りが楽しめます。冬でも暖かい全天候型のハウスで、立って摘み取れる…,"0779-64-5152
（電話での予約は行っておりません）",福井県勝山市荒土町新保２１－１,中部縦貫自動車道勝山IC下車後、市内方面へ約1分,10:00~16:00(最終受付１５：３０）,毎週火曜日,"●いちご狩り体験　30分間食べ放題　＊完全予約制
大人（中学生以上）/2000円　小学生/1700円
4歳～小学生未満/1400円　　 3歳以下無料

●自家製ソフトクリーム　400円
",,あり,11台,"https://strawberika.jp/,https://www.instagram.com/berika.strawberry_official/",88台,,勝山市道の駅「恐竜渓谷かつやま」の駐車場,"10名様以上のご予約はお電話でお問い合わせください。
バリアフリー対応です。車いすの方もご一緒にいちご狩りを体験していただけます。
感染症対策のためハウス内ではご飲食以外でのマスク着用、食べ放題終了時は速やかにご体質をお願いいたします。

予約開始や営業日のお知らせはInstagramで行っております。","https://select-type.com/rsv/?id=pNmDrzmjQEc,https://www.jalan.net/kankou/spt_guide000000215289/activity_plan/",
5369,ルポの森（恐竜ホテル）,るぽのもり（きょうりゅうほてる）,"あわら・坂井・福井市,福井市",温泉,36.0108628,136.3293821,13,https://www.fuku-e.com/spot/detail_5369.html,https://www.fuku-e.com/lsc/upfile/spot/0000/5369/5369_1_l.jpg,ルポの森では、天然温泉宿が併設された、ドーム型グランピングを料理人がご提供するお料理の数々とともにお楽しみいただけます。また、施設内には館内宿泊、カフェや食堂もございます。キャンプギアショップや、アクティビティなどもあり、色々な楽しみ方を…,０７７６ー９６ー７０７１,福井県福井市市波町38-2,福井ICより１３分、JR九頭竜線市波駅より徒歩１３分,,水曜日,,現金/クレジットカード/QUICPay/楽天Edy/WAON/nanaco/PayPay,あり,,"https://foret-de-repos.jp/,https://www.instagram.com/foret_de_repos/,https://bimeguri.jp/spot/4363/",８０,,,,"https://local.staynavi.direct/fukui/search/detail/724930?checkin_date=2024-07-26&adult_number=2&stay_days=1&room_number=1&budget_min=&budget_max=&company=STN,RKT,BRV,YNV,KNT,YUK,MWT,RRB&room_type=&meal_type=&plan_attribute=",mailto:info@foret-de-repos.jp
5480,勝山自然塾,かつやましぜんじゅく,"永平寺・奥越,勝山市",,36.072689800161065,136.55559539794922,13,https://www.fuku-e.com/spot/detail_5480.html,https://www.fuku-e.com/lsc/upfile/spot/0000/5480/5480_1_l.jpg,【恐竜博物館から車で10分！】46億年の地球に触れる、勝山自然塾日本の恐竜化石の８割が発見されている地球史上重要な福井　勝山。勝山自然塾では、大自然の中で「自然・環境・地形」のフィールドを生かしながら五感を使って楽しく地球の成り立ちや自然環境…,,福井県勝山市170-70,中部縦貫自動車道勝山ICから法恩寺山有料道路経由で車で20分,"午前の部　10:00～12:00
午後の部　13:30～15:30",,"個人
中学生以上　3,000円
小学生　2,000円

団体
1,500円／1名","・現地現金支払い
・現地カード支払い（VISA、Master Card、American Express、JCB、銀聯（ぎんれん）、ダイナースクラブ、UCS、TS3、MUFG）
そのほか、各種QR決済、IC決済が可能",あり,あり,"https://www.skijam.jp/lp/shizenjyuku/,https://www.skijam.jp/green/,https://www.skijam.jp/green/activity/",3400,,,,,
5902,ハピテラス デジタルアート（３D恐竜デジタルアート）,はぴてらす でじたるあーと,"あわら・坂井・福井市,福井市",,36.061633271943116,136.22216853254088,17,https://www.fuku-e.com/spot/detail_5902.html,https://www.fuku-e.com/lsc/upfile/spot/0000/5902/5902_2_l.jpg,福井駅西口を出てすぐのハピテラスには、イベントなどの無い日の夜にデジタルアートを投影しています。★令和６年１２月２０日から令和７年２月２日までは、ハピテラスにて「すまいるスケートハピリンク」開催につき、通常の投影は行いません。★上記期間はハ…,0776-20-5151（福井市観光協会）,福井県福井市中央１－２－１,JR福井駅西口出て徒歩すぐ,"19:30～20：30（１サイクル２０分間の構成で、１日に３回投影します。）
　※季節によって変更する場合があります。",ハピテラスでイベント開催時は投影を中止することがあります。,,,,,"https://nigiwai.ftmo.co.jp/usage,https://www.youtube.com/watch?v=uko0y0bz1qQ,https://fuku-iro.jp/blog/detail_174.html",,,,,,
5928,勝山市ジオターミナル,かつやましじおたーみなる,"永平寺・奥越,勝山市","恐竜,道の駅・観光案内所等,観光案内所,お土産店・商業施設",36.08390922906618,136.5070380270481,20,https://www.fuku-e.com/spot/detail_5928.html,https://www.fuku-e.com/lsc/upfile/spot/0000/5928/5928_1_l.jpg,恐竜博物館前駐車場（第1駐車場）に、観光案内所を併設した飲食物販施設「ジオターミナル」がオープンしました！普段手に入れることができない恐竜のお土産や、オリジナルのメニューが楽しめるレストランなど、お客様が楽しめる空間をご提供いたします。恐竜…,0779-87-0023（勝山ツーリストインフォメーションセンター）,福井県勝山市村岡町寺尾51-11,"中部縦貫自動車道勝山ICから車で10分
えちぜん鉄道勝山駅から恐竜博物館直通バス乗車","ジオターミナル　8：30～18：00（無料休憩所、トイレ、観光案内所など）
スーベニアショップ　ラプトル　9：30～17：00
ザウルスキッチン　10：00～16：00",年末年始,,,あり,,"https://katsuyama-navi.jp/geoterminal/,https://store.shopping.yahoo.co.jp/raptors/",,,,,,mailto:info@katsuyama-navi.jp
5929,スーベニアショップラプトル,,"永平寺・奥越,勝山市","恐竜,お土産店・商業施設",36.08392765401665,136.50708228349686,20,https://www.fuku-e.com/spot/detail_5929.html,https://www.fuku-e.com/lsc/upfile/spot/0000/5929/5929_1_l.jpg,"福井県立恐竜博物館前のスーベニアショップラプトルでは、約3,000種類のアイテムが揃う国内有数の恐竜グッズ専門店。ここでしか買えない商品やかわいい恐竜お土産をご覧ください。営業時間9:30～17:00（時期によって変動あり）",0779-87-0086,福井県勝山市村岡町寺尾51-11,,9:30～17:00,恐竜博物館に準ずる,,現金、クレジットカード、QRなど,あり,,"https://katsuyama-navi.jp/geoterminal/,https://store.shopping.yahoo.co.jp/raptors/",,,,,,
6060,東尋坊　正太楼,,"あわら・坂井・福井市,坂井市",お土産店・商業施設,36.2365265,136.128082,16,https://www.fuku-e.com/spot/detail_6060.html,https://www.fuku-e.com/lsc/upfile/spot/0000/6060/6060_1_l.jpg,福井県観光の公式サイト。恐竜や福井ゆかりの幕末偉人から温泉・宿泊情報、おろしそば、ソースカツ丼、越前ガニなどのグルメ情報も掲載。桜、海水浴、花火、紅葉、スキー・スノボなど季節・イベント情報も満載！福井の旅に役立つ情報をたっぷりお届けします！,0776-82-1199,福井県坂井市三国町安島64-1-55,"自動車：金津ICより25分、加賀ICより40分
鉄道・バス：えちぜん鉄道、京福バス",9：00～17：00,不定休,,,あり,大型バス10台,https://tojinbo.com/,普通車20台（無料）,,,,,
6277,古代生物ミュージアム（幻想クラゲ館 Atolla）,こだいせいぶつみゅーじあむ（げんそうくらげかん あとぅーら）,"あわら・坂井・福井市,福井市","恐竜,動植物園・水族館・テーマパーク",36.0836861,136.0292361,16,https://www.fuku-e.com/spot/detail_6277.html,https://www.fuku-e.com/lsc/upfile/spot/0000/6277/6277_1_l.jpg,福井市越前海岸のミュージアムです。北陸最多種展示の事も多いクラゲの展示と化石や剥製の展示です。展示物は古代サメ「ラブカ」「海竜モササウルスの化石」「最大級のイカ化石」など多数。「クラゲ」「化石」等は購入も可能。ここだけでしか購入できないク…,090-9446-8778,福井県福井市福井市鮎川町167-3-6,"JR福井駅から自動車60分
「東尋坊」から自動車30分","土曜日、日曜日、祝日12時～17時
（※季節や天候により営業時間が変更になる場合がございます。）",月曜日～金曜日,"3歳以上500円
3歳未満無料",,あり,,"http://www.atolla.sakura.ne.jp/,https://instagram.com/atolla.fukui?igshid=MjEwN2IyYWYwYw==,https://x.com/atolla_fukui/",,,,,,
6328,福井市観光交流センター,ふくいしかんこうこうりゅうせんたー,"あわら・坂井・福井市,福井市",恐竜,36.0612479,136.223711,18,https://www.fuku-e.com/spot/detail_6328.html,https://www.fuku-e.com/lsc/upfile/spot/0000/6328/6328_3_l.jpg,「福井市観光交流センター」は、福井に訪れる方をおもてなし、ご案内するための施設です。１階には、待合室、トイレ、レンタサイクルなどの機能が揃い、２階にはカフェがあります。屋上には、新しくできた恐竜モニュメントが並ぶ恐竜広場も整備、駅での待ち…,0776-65-0252（ふくい観光案内所）,福井県福井市手寄1丁目1番1号,・福井駅と直結,"6：00～23：00
（※観光案内所は8：30～19：00）",無休,,,,,"https://kankokoryu.com/,https://www.fuku-e.com/feature/detail_588.html,https://fuku-iro.jp/blog/detail_174.html",,,,,https://kankokoryu.com/rental-2/,
6367,コキア畑（道の駅恐竜渓谷かつやま）,こきあばたけ（みちのえききょうりゅうけいこくかつやま）,"永平寺・奥越,勝山市","自然・公園,紅葉",36.07136733906632,136.47795617580414,19,https://www.fuku-e.com/spot/detail_6367.html,https://www.fuku-e.com/lsc/upfile/spot/0000/6367/6367_1_l.jpg,道の駅恐竜渓谷かつやまの近くにある、かつやま恐竜橋下流右岸圃場にてコキアの紅葉が10月下旬に見ごろを迎えます。こちらの畑は、耕作放棄地解消モデル事業として地元の方がコキアを植栽しました。色鮮やかな紅葉をご自由に鑑賞ください。【イベント情報】2…,0779-89-2234（道の駅恐竜渓谷かつやま）,福井県勝山市荒土町松ヶ崎1-17,,見ごろは10月下旬,,無料,,あり,あり,https://katsuyama-navi.jp/news/4165.html,88,,コキア圃場には駐車場がありませんので、道の駅恐竜渓谷かつやまの駐車場をご利用ください。,"コキアは12月初旬には刈り取りされます。
コキア畑以外の私有地には立ち入らないでください。
",,
6370,さかな遊びの宿。やまちょう（恐竜ホテル）,さかなあそびのやど。やまちょう（きょうりゅうほてる）,"あわら・坂井・福井市,福井市",恐竜,36.1434618,136.0874571,14,https://www.fuku-e.com/spot/detail_6370.html,https://www.fuku-e.com/lsc/upfile/spot/0000/6370/6370_1_l.jpg,越前海と緑に囲まれた料理旅館です。越前海の魚介類と農家直営のお米やお野菜など、福井の魅力がたっぷり詰まったお料理をお楽しみ下さい。冬は越前蟹・夏は海水浴・春・夏は観光や釣りなど、１年を通してお楽しみ頂けます。越前海岸の入り口に位置している…,0776-86-1234,福井県福井市両橋屋町２３－４０,,,,,現金/クレジットカード,あり,,"https://echizen-yamacho.jp/,https://fuku-iro.jp/blog/detail_121.html,https://fuku-iro.jp/feature/20",５０,,,,,mailto:info@echizen-yamacho.jp
6449,CURU-F 福井駅,くるふ ふくいえき,"あわら・坂井・福井市,福井市",お土産店・商業施設,36.0620569,136.2230883,13,https://www.fuku-e.com/spot/detail_6449.html,https://www.fuku-e.com/lsc/upfile/spot/0000/6449/6449_1_l.jpg,北陸新幹線　福井・敦賀間延伸とともに「美食」や「伝統」など福井ならではの魅力を発信し、地域の上質な生活をサポートする拠点として福井駅にオープン！福井のお土産やお食事処など総勢44店舗出店予定！,"・臨時営業中の店舗に関するお問い合わせ
　福井支店
　0776-27-1222（代）
・新商業施設に関するお問い合わせ
　金沢ターミナル開発株式会社 本社
　076-260-3700（代）",福井県福井市中央1丁目1-25,,,,,,あり,,"https://www.100bangai.co.jp/fukui/,ふく旅ライターの記事も公開中！「「CURU-F（くるふ）福井駅」で買える可愛い恐竜スイーツ土産５選＋１」",,,,,,
6580,恐竜の森,きょうりゅうのもり,"あわら・坂井・福井市,坂井市","恐竜,動植物園・水族館・テーマパーク",36.25199114246225,136.17746829986572,15,https://www.fuku-e.com/spot/detail_6580.html,https://www.fuku-e.com/lsc/upfile/spot/0000/6580/6580_2_l.png,"恐竜たちが芝政ワールドの森に生きていた！　30種・60体を超える恐竜たちが生息する約26,000㎡の広大な森を歩いて進むウォークスルー型アトラクション。この森にだけ発生する未知のエネルギー「ディノエネルギー」収集ミッションに挑み、恐竜の卵を孵化させ…",0776-81-2110（芝政ワールド）,福井県坂井市三国町浜地45,"北陸自動車道 金津ICから約20分
北陸新幹線 芦原温泉駅から車で約20分","１０：００～１６：００
※季節によって異なります","３～１１月なし
※１２月～２月につきましてはホームページをご確認ください。","３歳以上おひとり８００円
（別途芝政ワールドの入場料必要）",,あり,２００台（芝政ワールド園内）,"http://www.shibamasa.com/dinosaur/,https://www.fuku-e.com/fukutabi/detail_440.html","５,０００台（芝政ワールド園内）",,,,,mailto:info@shibamasa.com
6673,新感覚XRバス WOW RIDE いこっさ！福井号,しんかんかくXRばす　ワウライド　いこっさ！ふくいごう,"あわら・坂井・福井市,永平寺・奥越,福井市,勝山市",,,,,https://www.fuku-e.com/spot/detail_6673.html,https://www.fuku-e.com/lsc/upfile/spot/0000/6673/6673_1_l.jpg,目的地への移動がもっと楽しくなる、新しい移動手段。周遊バスコースもあり新しい観光コンテンツとしても〇。福井の魅力を拡張現実（AR）・仮想現実（VR）映像で車窓に映し出し、車窓がどんどん変化して気付いたら目的地。VRゴーグルやタブレットなどの周辺…,0776-50-2028（京福バス　平日9:00～17:00）,福井県勝山市福井市、勝山市（恐竜博物館など）,,"運行ダイヤは、HPよりご確認ください。

",運行除外日あり,"JR福井駅⇔福井県立恐竜博物館（往路・復路）：3,300円～3,900円
※小学生以下半額、座席利用なしの乳幼児無料",クレジットカード可,,,"https://www.jr-odekake.net/navi/wowridefukui/,https://www.fuku-e.com/fukutabi/detail_478.html",,,,,https://happybus.jp/course/?keyword=WOW+RIDE+,
7318,各種創作体験（金津創作の森）,かくしゅそうさくたいけん　かなづそうさくのもり,"あわら・坂井・福井市,あわら市",バリアフリー,36.2305509,136.2613385,13,https://www.fuku-e.com/spot/detail_7318.html,https://www.fuku-e.com/lsc/upfile/spot/0000/7318/7318_1_l.jpg,森の中の工房で、四季折々の自然を楽しみながら、様々な創作体験ができます。(1)竹細工体験:工房スタッフ指導で、トンボや恐竜などを制作できます。お家で作れる竹細工キットも販売しています。(2)陶芸体験:陶芸指導員が丁寧に教えますので、初心者の方でも…,"金津創作の森 創作工房 0776-73-7802
金津創作の森 ガラス工房 0776-73-7801",福井県あわら市宮谷57-2-19,芦原温泉駅からタクシーで10分ハピラインふくい細呂木駅から徒歩30分/北陸自動車道金津ICから車で5分,各体験によって異なります｡詳しくはホームページをご覧ください｡,月曜日(祝日の場合は開館、翌平日休館)、年末年始,"入場料：無料
体験料：各体験によって異なります。詳しくはホームページを参照ください。",,あり,,http://sosaku.jp/workshop/,250,,,,,
7436,シンフォニー吉田酒造　吉峯蔵直営店マルシェ智,よしだしゅぞう　きっぽうぐらちょくえいてん,"永平寺・奥越,永平寺町",,36.084667,136.378824,14,https://www.fuku-e.com/spot/detail_7436.html,https://www.fuku-e.com/lsc/upfile/spot/0000/7436/7436_1_l.jpg,全量永平寺町産米使用、全量純米蔵。自然豊かなこの地の恵みを生かした永平寺テロワール、老舗蔵元「吉田酒造」。「土壌の追求」「米品質」「酒造り品質」「貯蔵品質」「造り手」の5つに最もこだわりを持ち、お酒の品質を保っています。吉田酒造が手掛ける日…,0776-63-5499（0776-64-2005）,福井県永平寺町北島7-22,"・上志比ICより車で約5分
・県立恐竜博物館より車で約20分
・大本山永平寺より車で約20分
・えちぜん鉄道「越前竹原」より徒歩約20分","4月～12月　10時～17時
1月～3月　  10時～16時",12月31日～1月3日、法定点検日,,現金／クレジットカード（VISA・MASTER）／PayPay／交通系IC,あり,,"https://www.fuku-e.com/fukutabi/detail_398.html,https://www.fuku-e.com/experience/detail_7079.html,https://www.fuku-e.com/course/detail_100.html",30台,,大型バスでお越しのお客様は事前にご連絡ください,,,mailto: info@jizakegura.com
7583,スキージャム勝山 2025夏季営業 「ジャム グリーンパーク」,すきーじゃむかつやま 2025かきえいぎょう 「じゃむぐりーんぱーく」,"永平寺・奥越,勝山市","自然・公園,山・川・湖,恐竜,温泉,お土産店・商業施設",36.0730988,136.555577,13,https://www.fuku-e.com/spot/detail_7583.html,https://www.fuku-e.com/lsc/upfile/spot/0000/7583/7583_1_l.jpg,恐竜博物館の次は、家族で楽しむ高原リゾートへ！スキージャム勝山の夏限定アクティビティ「ジャム グリーンパーク」が2025年7月19日からスタート！福井県立恐竜博物館から車で約10分。自然豊かな高原に位置する「スキージャム勝山」では、今年の夏もさまざ…,0779-87-6109（スキージャム勝山（9：00～18：00））,福井県勝山市170-70,"恐竜博物館から車で10分／恐竜博物館から無料シャトルバスあり
福井市内から車で約1時間",各アクテビティによって異なる,,"入場無料
各アクテビティによって異なる",,あり,あり,https://www.skijam.jp/green/,3400台,,,,,
